IEEE Trans. Knowl. Data Eng.,1113767
IEEE Trans. Knowl. Data Eng.,1113778
IEEE Trans. Knowl. Data Eng.,1113781
IEEE Trans. Knowl. Data Eng.,1113792
IEEE Trans. Knowl. Data Eng.,1114117
IEEE Trans. Knowl. Data Eng.,1114118
IEEE Trans. Knowl. Data Eng.,1114119
IEEE Trans. Knowl. Data Eng.,1114120
IEEE Trans. Knowl. Data Eng.,1114121
IEEE Trans. Knowl. Data Eng.,1114122
IEEE Trans. Knowl. Data Eng.,1114123
IEEE Trans. Knowl. Data Eng.,1114124
IEEE Trans. Knowl. Data Eng.,1114125
IEEE Trans. Knowl. Data Eng.,1114126
IEEE Trans. Knowl. Data Eng.,1114127
IEEE Trans. Knowl. Data Eng.,1114128
IEEE Trans. Knowl. Data Eng.,1114129
IEEE Trans. Knowl. Data Eng.,1114130
IEEE Trans. Knowl. Data Eng.,1114131
IEEE Trans. Knowl. Data Eng.,1114132
IEEE Trans. Knowl. Data Eng.,1114133
IEEE Trans. Knowl. Data Eng.,1114134
IEEE Trans. Pattern Anal. Mach. Intell.,1226671
IEEE Trans. Pattern Anal. Mach. Intell.,1226689
IEEE Trans. Pattern Anal. Mach. Intell.,1226690
IEEE Trans. Pattern Anal. Mach. Intell.,1226691
IEEE Trans. Pattern Anal. Mach. Intell.,1226692
IEEE Trans. Pattern Anal. Mach. Intell.,1226693
IEEE Trans. Pattern Anal. Mach. Intell.,1226694
IEEE Trans. Pattern Anal. Mach. Intell.,1226695
IEEE Trans. Pattern Anal. Mach. Intell.,1226696
IEEE Trans. Pattern Anal. Mach. Intell.,1226697
IEEE Trans. Pattern Anal. Mach. Intell.,1226698
IEEE Trans. Pattern Anal. Mach. Intell.,1226699
IEEE Trans. Pattern Anal. Mach. Intell.,1226700
IEEE Trans. Pattern Anal. Mach. Intell.,1226701
IEEE Trans. Pattern Anal. Mach. Intell.,1226702
IEEE Trans. Pattern Anal. Mach. Intell.,1226703
IEEE Trans. Pattern Anal. Mach. Intell.,1226704
IEEE Trans. Pattern Anal. Mach. Intell.,1226705
IEEE Trans. Pattern Anal. Mach. Intell.,1226706
IEEE Trans. Pattern Anal. Mach. Intell.,1226707
IEEE Trans. Pattern Anal. Mach. Intell.,1226708
IEEE Trans. Pattern Anal. Mach. Intell.,1226709
IEEE Trans. Pattern Anal. Mach. Intell.,1226710
IEEE Trans. Pattern Anal. Mach. Intell.,1226711
IEEE Trans. Pattern Anal. Mach. Intell.,1226712
IEEE Trans. Pattern Anal. Mach. Intell.,1226713
IEEE Trans. Pattern Anal. Mach. Intell.,1226714
IEEE Trans. Pattern Anal. Mach. Intell.,1226715
IEEE Trans. Pattern Anal. Mach. Intell.,1226716
IEEE Trans. Pattern Anal. Mach. Intell.,1226717
IEEE Trans. Pattern Anal. Mach. Intell.,1226718
IEEE Trans. Pattern Anal. Mach. Intell.,1226719
IEEE Trans. Pattern Anal. Mach. Intell.,1226720
IEEE Trans. Pattern Anal. Mach. Intell.,1226721
IEEE Trans. Pattern Anal. Mach. Intell.,1226722
IEEE Trans. Pattern Anal. Mach. Intell.,1226723
IEEE Trans. Pattern Anal. Mach. Intell.,1226724
IEEE Trans. Pattern Anal. Mach. Intell.,1226725
IEEE Trans. Pattern Anal. Mach. Intell.,1226726
IEEE Trans. Pattern Anal. Mach. Intell.,1226727
IEEE Trans. Pattern Anal. Mach. Intell.,1226728
IEEE Trans. Pattern Anal. Mach. Intell.,1226729
IEEE Trans. Pattern Anal. Mach. Intell.,1226730
IEEE Trans. Pattern Anal. Mach. Intell.,1226731
IEEE Trans. Pattern Anal. Mach. Intell.,1226732
IEEE Trans. Pattern Anal. Mach. Intell.,1226733
IEEE Trans. Pattern Anal. Mach. Intell.,1226734
IEEE Trans. Pattern Anal. Mach. Intell.,1226735
IEEE Trans. Pattern Anal. Mach. Intell.,1226736
IEEE Trans. Pattern Anal. Mach. Intell.,1226737
IEEE Trans. Pattern Anal. Mach. Intell.,1226738
IEEE Trans. Pattern Anal. Mach. Intell.,1226739
IEEE Trans. Pattern Anal. Mach. Intell.,1226740
IEEE Trans. Pattern Anal. Mach. Intell.,1226741
IEEE Trans. Pattern Anal. Mach. Intell.,1226742
IEEE Trans. Pattern Anal. Mach. Intell.,1226743
IEEE Trans. Pattern Anal. Mach. Intell.,1226744
IEEE Trans. Pattern Anal. Mach. Intell.,1226745
IEEE Trans. Pattern Anal. Mach. Intell.,1226746
IEEE Trans. Pattern Anal. Mach. Intell.,1226747
IEEE Trans. Pattern Anal. Mach. Intell.,1226748
IEEE Trans. Pattern Anal. Mach. Intell.,1226749
IEEE Trans. Pattern Anal. Mach. Intell.,1226750
IEEE Trans. Pattern Anal. Mach. Intell.,1226751
IEEE Trans. Pattern Anal. Mach. Intell.,1226752
IEEE Trans. Pattern Anal. Mach. Intell.,1226753
IEEE Trans. Pattern Anal. Mach. Intell.,1226754
IEEE Trans. Pattern Anal. Mach. Intell.,1226755
IEEE Trans. Pattern Anal. Mach. Intell.,1226756
IEEE Trans. Pattern Anal. Mach. Intell.,1226757
IEEE Trans. Pattern Anal. Mach. Intell.,1226758
IEEE Trans. Pattern Anal. Mach. Intell.,1226759
IEEE Trans. Pattern Anal. Mach. Intell.,1226760
IEEE Trans. Pattern Anal. Mach. Intell.,1226761
IEEE Trans. Pattern Anal. Mach. Intell.,1226762
IEEE Trans. Pattern Anal. Mach. Intell.,1226763
IEEE Trans. Pattern Anal. Mach. Intell.,1226764
IEEE Trans. Pattern Anal. Mach. Intell.,1226765
IEEE Trans. Pattern Anal. Mach. Intell.,1226766
IEEE Trans. Pattern Anal. Mach. Intell.,1226767
IEEE Trans. Pattern Anal. Mach. Intell.,1226768
IEEE Trans. Pattern Anal. Mach. Intell.,1226769
IEEE Trans. Pattern Anal. Mach. Intell.,1226770
IEEE Trans. Pattern Anal. Mach. Intell.,1226771
IEEE Trans. Pattern Anal. Mach. Intell.,1226772
IEEE Trans. Pattern Anal. Mach. Intell.,1226773
IEEE Trans. Pattern Anal. Mach. Intell.,1226774
IEEE Trans. Pattern Anal. Mach. Intell.,1226775
IEEE Trans. Pattern Anal. Mach. Intell.,1226776
IEEE Trans. Pattern Anal. Mach. Intell.,1226777
IEEE Trans. Pattern Anal. Mach. Intell.,1226778
IEEE Trans. Pattern Anal. Mach. Intell.,1226779
IEEE Trans. Pattern Anal. Mach. Intell.,1226780
IEEE Trans. Pattern Anal. Mach. Intell.,1280168
IEEE Trans. Pattern Anal. Mach. Intell.,1280169
IEEE Trans. Pattern Anal. Mach. Intell.,1280170
IEEE Trans. Pattern Anal. Mach. Intell.,1280171
IEEE Trans. Pattern Anal. Mach. Intell.,1280172
IEEE Trans. Pattern Anal. Mach. Intell.,1280173
IEEE Trans. Pattern Anal. Mach. Intell.,1280174
IEEE Trans. Pattern Anal. Mach. Intell.,1280175
IEEE Trans. Pattern Anal. Mach. Intell.,1280176
IEEE Trans. Pattern Anal. Mach. Intell.,1280177
IEEE Trans. Pattern Anal. Mach. Intell.,1280178
IEEE Trans. Pattern Anal. Mach. Intell.,1280179
IEEE Trans. Pattern Anal. Mach. Intell.,1280180
IEEE Trans. Pattern Anal. Mach. Intell.,1280181
IEEE Trans. Pattern Anal. Mach. Intell.,1280182
IEEE Trans. Pattern Anal. Mach. Intell.,1280183
IEEE Trans. Pattern Anal. Mach. Intell.,1280184
IEEE Trans. Pattern Anal. Mach. Intell.,1280185
IEEE Trans. Pattern Anal. Mach. Intell.,1280186
IEEE Trans. Pattern Anal. Mach. Intell.,1280187
IEEE Trans. Pattern Anal. Mach. Intell.,1280188
IEEE Trans. Pattern Anal. Mach. Intell.,1280189
IEEE Trans. Pattern Anal. Mach. Intell.,1280190
IEEE Trans. Pattern Anal. Mach. Intell.,1280191
IEEE Trans. Pattern Anal. Mach. Intell.,1280192
IEEE Trans. Pattern Anal. Mach. Intell.,1280193
IEEE Trans. Pattern Anal. Mach. Intell.,1280194
IEEE Trans. Pattern Anal. Mach. Intell.,1280195
IEEE Trans. Pattern Anal. Mach. Intell.,1280196
IEEE Trans. Pattern Anal. Mach. Intell.,1280197
IEEE Trans. Pattern Anal. Mach. Intell.,1280198
IEEE Trans. Pattern Anal. Mach. Intell.,1280199
IEEE Trans. Pattern Anal. Mach. Intell.,1280200
IEEE Trans. Pattern Anal. Mach. Intell.,1280201
IEEE Trans. Pattern Anal. Mach. Intell.,1280202
IEEE Trans. Pattern Anal. Mach. Intell.,1280203
IEEE Trans. Pattern Anal. Mach. Intell.,1280204
IEEE Trans. Pattern Anal. Mach. Intell.,1280205
IEEE Trans. Pattern Anal. Mach. Intell.,1280206
IEEE Trans. Pattern Anal. Mach. Intell.,1280207
IEEE Trans. Pattern Anal. Mach. Intell.,1280208
IEEE Trans. Pattern Anal. Mach. Intell.,1280209
IEEE Trans. Pattern Anal. Mach. Intell.,1280210
IEEE Trans. Pattern Anal. Mach. Intell.,1280211
IEEE Trans. Pattern Anal. Mach. Intell.,1280212
IEEE Trans. Pattern Anal. Mach. Intell.,1280213
IEEE Trans. Pattern Anal. Mach. Intell.,1280214
IEEE Trans. Pattern Anal. Mach. Intell.,1280215
IEEE Trans. Pattern Anal. Mach. Intell.,1280216
IEEE Trans. Pattern Anal. Mach. Intell.,1280217
IEEE Trans. Pattern Anal. Mach. Intell.,1280218
IEEE Trans. Pattern Anal. Mach. Intell.,1280219
IEEE Trans. Pattern Anal. Mach. Intell.,1280220
IEEE Trans. Pattern Anal. Mach. Intell.,1280221
IEEE Trans. Pattern Anal. Mach. Intell.,1280222
IEEE Trans. Pattern Anal. Mach. Intell.,1280223
IEEE Trans. Pattern Anal. Mach. Intell.,1280224
IEEE Trans. Pattern Anal. Mach. Intell.,1280225
IEEE Trans. Pattern Anal. Mach. Intell.,1280226
IEEE Trans. Pattern Anal. Mach. Intell.,1280227
IEEE Trans. Pattern Anal. Mach. Intell.,1280228
IEEE Trans. Pattern Anal. Mach. Intell.,1280229
IEEE Trans. Pattern Anal. Mach. Intell.,1280230
IEEE Trans. Pattern Anal. Mach. Intell.,1280231
IEEE Trans. Pattern Anal. Mach. Intell.,1280232
IEEE Trans. Pattern Anal. Mach. Intell.,1280233
IEEE Trans. Pattern Anal. Mach. Intell.,1280234
IEEE Trans. Pattern Anal. Mach. Intell.,1280235
IEEE Trans. Pattern Anal. Mach. Intell.,1280236
IEEE Trans. Pattern Anal. Mach. Intell.,1280237
IEEE Trans. Pattern Anal. Mach. Intell.,1280238
IEEE Trans. Pattern Anal. Mach. Intell.,1280239
IEEE Trans. Pattern Anal. Mach. Intell.,1280240
IEEE Trans. Pattern Anal. Mach. Intell.,1280241
IEEE Trans. Pattern Anal. Mach. Intell.,1280242
IEEE Trans. Pattern Anal. Mach. Intell.,1280243
IEEE Trans. Pattern Anal. Mach. Intell.,1280244
IEEE Trans. Pattern Anal. Mach. Intell.,1280245
IEEE Trans. Pattern Anal. Mach. Intell.,1280246
IEEE Trans. Pattern Anal. Mach. Intell.,1280247
IEEE Trans. Pattern Anal. Mach. Intell.,1280248
IEEE Trans. Pattern Anal. Mach. Intell.,1280249
IEEE Trans. Pattern Anal. Mach. Intell.,1280250
IEEE Trans. Pattern Anal. Mach. Intell.,1280251
IEEE Trans. Pattern Anal. Mach. Intell.,1280252
IEEE Trans. Pattern Anal. Mach. Intell.,1280253
IEEE Trans. Pattern Anal. Mach. Intell.,1280254
IEEE Trans. Pattern Anal. Mach. Intell.,1280255
IEEE Trans. Pattern Anal. Mach. Intell.,1280256
IEEE Trans. Pattern Anal. Mach. Intell.,1280257
IEEE Trans. Pattern Anal. Mach. Intell.,1280258
IEEE Trans. Pattern Anal. Mach. Intell.,1280259
IEEE Trans. Pattern Anal. Mach. Intell.,1280260
IEEE Trans. Pattern Anal. Mach. Intell.,1280261
IEEE Trans. Pattern Anal. Mach. Intell.,1280262
IEEE Trans. Pattern Anal. Mach. Intell.,1280263
IEEE Trans. Pattern Anal. Mach. Intell.,1280264
IEEE Trans. Knowl. Data Eng.,1281889
IEEE Trans. Knowl. Data Eng.,1281890
IEEE Trans. Knowl. Data Eng.,1281891
IEEE Trans. Knowl. Data Eng.,1281892
IEEE Trans. Knowl. Data Eng.,1281893
IEEE Trans. Knowl. Data Eng.,1281894
IEEE Trans. Knowl. Data Eng.,1281895
IEEE Trans. Knowl. Data Eng.,1281896
IEEE Trans. Knowl. Data Eng.,1281897
IEEE Trans. Knowl. Data Eng.,1281898
IEEE Trans. Knowl. Data Eng.,1281899
IEEE Trans. Knowl. Data Eng.,1281900
IEEE Trans. Knowl. Data Eng.,1281901
IEEE Trans. Knowl. Data Eng.,1281902
IEEE Trans. Knowl. Data Eng.,1281903
IEEE Trans. Knowl. Data Eng.,1281904
IEEE Trans. Knowl. Data Eng.,1281905
IEEE Trans. Knowl. Data Eng.,1281906
IEEE Trans. Knowl. Data Eng.,1281907
IEEE Trans. Knowl. Data Eng.,1281908
IEEE Trans. Knowl. Data Eng.,1281909
IEEE Trans. Knowl. Data Eng.,1281910
IEEE Trans. Knowl. Data Eng.,1281911
IEEE Trans. Knowl. Data Eng.,1281912
IEEE Trans. Knowl. Data Eng.,1281913
IEEE Trans. Knowl. Data Eng.,1281914
IEEE Trans. Knowl. Data Eng.,1281915
IEEE Trans. Knowl. Data Eng.,1281916
IEEE Trans. Knowl. Data Eng.,1281917
IEEE Trans. Knowl. Data Eng.,1281918
IEEE Trans. Knowl. Data Eng.,1281919
IEEE Trans. Knowl. Data Eng.,1281920
IEEE Trans. Knowl. Data Eng.,1281921
IEEE Trans. Knowl. Data Eng.,1281922
IEEE Trans. Knowl. Data Eng.,1281923
IEEE Trans. Knowl. Data Eng.,1281924
IEEE Trans. Knowl. Data Eng.,1281925
IEEE Trans. Knowl. Data Eng.,1281926
IEEE Trans. Knowl. Data Eng.,1281927
IEEE Trans. Knowl. Data Eng.,1281928
IEEE Trans. Knowl. Data Eng.,1281929
IEEE Trans. Knowl. Data Eng.,1281930
IEEE Trans. Knowl. Data Eng.,1281931
IEEE Trans. Knowl. Data Eng.,1281932
IEEE Trans. Knowl. Data Eng.,1281933
IEEE Trans. Knowl. Data Eng.,1281934
IEEE Trans. Knowl. Data Eng.,1281935
IEEE Trans. Knowl. Data Eng.,1281936
IEEE Trans. Knowl. Data Eng.,1281937
IEEE Trans. Knowl. Data Eng.,1281938
IEEE Trans. Knowl. Data Eng.,1281939
IEEE Trans. Knowl. Data Eng.,1281940
IEEE Trans. Knowl. Data Eng.,1281941
IEEE Trans. Knowl. Data Eng.,1281942
IEEE Trans. Knowl. Data Eng.,1281943
IEEE Trans. Knowl. Data Eng.,1281944
IEEE Trans. Knowl. Data Eng.,1281945
IEEE Trans. Knowl. Data Eng.,1281946
IEEE Trans. Knowl. Data Eng.,1281947
IEEE Trans. Knowl. Data Eng.,1281948
IEEE Trans. Knowl. Data Eng.,1281949
IEEE Trans. Knowl. Data Eng.,1281950
IEEE Trans. Knowl. Data Eng.,1281951
IEEE Trans. Knowl. Data Eng.,1281952
IEEE Trans. Knowl. Data Eng.,1281953
IEEE Trans. Knowl. Data Eng.,1281954
IEEE Trans. Knowl. Data Eng.,1281955
IEEE Trans. Knowl. Data Eng.,1281956
IEEE Trans. Knowl. Data Eng.,1281957
IEEE Trans. Knowl. Data Eng.,1281958
IEEE Trans. Knowl. Data Eng.,1281959
IEEE Trans. Knowl. Data Eng.,1281960
IEEE Trans. Knowl. Data Eng.,1281961
IEEE Trans. Knowl. Data Eng.,1281962
IEEE Trans. Knowl. Data Eng.,1281963
IEEE Trans. Knowl. Data Eng.,1281964
IEEE Trans. Knowl. Data Eng.,1281965
IEEE Trans. Knowl. Data Eng.,1281966
IEEE Trans. Knowl. Data Eng.,1281967
IEEE Trans. Knowl. Data Eng.,1281968
IEEE Trans. Knowl. Data Eng.,1281969
IEEE Trans. Knowl. Data Eng.,1281970
IEEE Trans. Knowl. Data Eng.,1281971
IEEE Trans. Knowl. Data Eng.,1281972
IEEE Trans. Knowl. Data Eng.,1281973
IEEE Trans. Knowl. Data Eng.,1281974
IEEE Trans. Knowl. Data Eng.,1281975
IEEE Trans. Knowl. Data Eng.,1281976
IEEE Trans. Knowl. Data Eng.,1281977
IEEE Trans. Knowl. Data Eng.,1281978
IEEE Trans. Knowl. Data Eng.,1281979
IEEE Trans. Knowl. Data Eng.,1281980
IEEE Trans. Knowl. Data Eng.,1281981
IEEE Trans. Knowl. Data Eng.,1281982
IEEE Trans. Knowl. Data Eng.,1281983
IEEE Trans. Knowl. Data Eng.,1281984
IEEE Trans. Knowl. Data Eng.,1281985
IEEE Trans. Knowl. Data Eng.,1281986
IEEE Trans. Knowl. Data Eng.,1281987
IEEE Trans. Knowl. Data Eng.,1281988
IEEE Trans. Knowl. Data Eng.,1281989
IEEE Trans. Knowl. Data Eng.,1281990
IEEE Trans. Knowl. Data Eng.,1281991
IEEE Trans. Knowl. Data Eng.,1281992
IEEE Trans. Knowl. Data Eng.,1281993
IEEE Trans. Knowl. Data Eng.,1281994
IEEE Trans. Knowl. Data Eng.,1281995
IEEE Trans. Knowl. Data Eng.,1281996
IEEE Trans. Knowl. Data Eng.,1281997
IEEE Trans. Knowl. Data Eng.,1281998
IEEE Trans. Knowl. Data Eng.,1281999
IEEE Trans. Knowl. Data Eng.,1282000
IEEE Trans. Knowl. Data Eng.,1282001
IEEE Trans. Knowl. Data Eng.,1282002
IEEE Trans. Knowl. Data Eng.,1282003
IEEE Trans. Knowl. Data Eng.,1282004
IEEE Trans. Knowl. Data Eng.,1282005
IEEE Trans. Knowl. Data Eng.,1282006
IEEE Trans. Knowl. Data Eng.,1282007
IEEE Trans. Knowl. Data Eng.,1282008
IEEE Trans. Knowl. Data Eng.,1282009
IEEE Trans. Knowl. Data Eng.,1282010
IEEE Trans. Pattern Anal. Mach. Intell.,2867199
IEEE Trans. Pattern Anal. Mach. Intell.,2867180
IEEE Trans. Pattern Anal. Mach. Intell.,2867171
IEEE Trans. Pattern Anal. Mach. Intell.,2867227
IEEE Trans. Pattern Anal. Mach. Intell.,2867112
IEEE Trans. Pattern Anal. Mach. Intell.,2867126
IEEE Trans. Pattern Anal. Mach. Intell.,2867136
IEEE Trans. Pattern Anal. Mach. Intell.,2867232
IEEE Trans. Pattern Anal. Mach. Intell.,2867162
IEEE Trans. Pattern Anal. Mach. Intell.,2867189
IEEE Trans. Pattern Anal. Mach. Intell.,2867156
IEEE Trans. Pattern Anal. Mach. Intell.,2867117
IEEE Trans. Pattern Anal. Mach. Intell.,2867089
IEEE Trans. Pattern Anal. Mach. Intell.,2867217
IEEE Trans. Pattern Anal. Mach. Intell.,2867108
IEEE Trans. Pattern Anal. Mach. Intell.,2867222
IEEE Trans. Pattern Anal. Mach. Intell.,2867106
IEEE Trans. Pattern Anal. Mach. Intell.,2867221
IEEE Trans. Pattern Anal. Mach. Intell.,2867196
IEEE Trans. Pattern Anal. Mach. Intell.,2867208
IEEE Trans. Pattern Anal. Mach. Intell.,2867078
IEEE Trans. Pattern Anal. Mach. Intell.,2867120
IEEE Trans. Pattern Anal. Mach. Intell.,2867148
IEEE Trans. Pattern Anal. Mach. Intell.,2867235
IEEE Trans. Pattern Anal. Mach. Intell.,2867127
IEEE Trans. Pattern Anal. Mach. Intell.,2867082
IEEE Trans. Pattern Anal. Mach. Intell.,2867077
IEEE Trans. Pattern Anal. Mach. Intell.,2867142
IEEE Trans. Pattern Anal. Mach. Intell.,2867207
IEEE Trans. Pattern Anal. Mach. Intell.,2867161
IEEE Trans. Pattern Anal. Mach. Intell.,2867092
IEEE Trans. Pattern Anal. Mach. Intell.,2867168
IEEE Trans. Pattern Anal. Mach. Intell.,2867234
IEEE Trans. Pattern Anal. Mach. Intell.,2867135
IEEE Trans. Pattern Anal. Mach. Intell.,2867183
IEEE Trans. Pattern Anal. Mach. Intell.,2867105
IEEE Trans. Pattern Anal. Mach. Intell.,2867224
IEEE Trans. Pattern Anal. Mach. Intell.,2867220
IEEE Trans. Pattern Anal. Mach. Intell.,2867146
IEEE Trans. Pattern Anal. Mach. Intell.,2867118
IEEE Trans. Pattern Anal. Mach. Intell.,2867134
IEEE Trans. Pattern Anal. Mach. Intell.,2867206
IEEE Trans. Pattern Anal. Mach. Intell.,2867160
IEEE Trans. Pattern Anal. Mach. Intell.,2867119
IEEE Trans. Pattern Anal. Mach. Intell.,2867091
IEEE Trans. Pattern Anal. Mach. Intell.,2867096
IEEE Trans. Pattern Anal. Mach. Intell.,2867210
IEEE Trans. Pattern Anal. Mach. Intell.,2867143
IEEE Trans. Pattern Anal. Mach. Intell.,2867225
IEEE Trans. Pattern Anal. Mach. Intell.,2867157
IEEE Trans. Pattern Anal. Mach. Intell.,2867081
IEEE Trans. Pattern Anal. Mach. Intell.,2867211
IEEE Trans. Pattern Anal. Mach. Intell.,2867184
IEEE Trans. Pattern Anal. Mach. Intell.,2867177
IEEE Trans. Pattern Anal. Mach. Intell.,2867173
IEEE Trans. Pattern Anal. Mach. Intell.,2867076
IEEE Trans. Pattern Anal. Mach. Intell.,2867182
IEEE Trans. Pattern Anal. Mach. Intell.,2867169
IEEE Trans. Pattern Anal. Mach. Intell.,2867097
IEEE Trans. Pattern Anal. Mach. Intell.,2867115
IEEE Trans. Pattern Anal. Mach. Intell.,2867197
IEEE Trans. Pattern Anal. Mach. Intell.,2867191
IEEE Trans. Pattern Anal. Mach. Intell.,2867122
IEEE Trans. Pattern Anal. Mach. Intell.,2867166
IEEE Trans. Pattern Anal. Mach. Intell.,2867212
IEEE Trans. Pattern Anal. Mach. Intell.,2867104
IEEE Trans. Pattern Anal. Mach. Intell.,2867150
IEEE Trans. Pattern Anal. Mach. Intell.,2867111
IEEE Trans. Pattern Anal. Mach. Intell.,2867140
IEEE Trans. Pattern Anal. Mach. Intell.,2867219
IEEE Trans. Pattern Anal. Mach. Intell.,2867080
IEEE Trans. Pattern Anal. Mach. Intell.,2867144
IEEE Trans. Pattern Anal. Mach. Intell.,2867087
IEEE Trans. Pattern Anal. Mach. Intell.,2867158
IEEE Trans. Pattern Anal. Mach. Intell.,2867194
IEEE Trans. Pattern Anal. Mach. Intell.,2867094
IEEE Trans. Pattern Anal. Mach. Intell.,2867240
IEEE Trans. Pattern Anal. Mach. Intell.,2867133
IEEE Trans. Pattern Anal. Mach. Intell.,2867201
IEEE Trans. Pattern Anal. Mach. Intell.,2867172
IEEE Trans. Pattern Anal. Mach. Intell.,2867236
IEEE Trans. Pattern Anal. Mach. Intell.,2867098
IEEE Trans. Pattern Anal. Mach. Intell.,2867195
IEEE Trans. Pattern Anal. Mach. Intell.,2867132
IEEE Trans. Pattern Anal. Mach. Intell.,2867213
IEEE Trans. Pattern Anal. Mach. Intell.,2867116
IEEE Trans. Pattern Anal. Mach. Intell.,2867093
IEEE Trans. Pattern Anal. Mach. Intell.,2867176
IEEE Trans. Pattern Anal. Mach. Intell.,2867190
IEEE Trans. Pattern Anal. Mach. Intell.,2867229
IEEE Trans. Pattern Anal. Mach. Intell.,2867088
IEEE Trans. Pattern Anal. Mach. Intell.,2867218
IEEE Trans. Pattern Anal. Mach. Intell.,2867159
IEEE Trans. Pattern Anal. Mach. Intell.,2867167
IEEE Trans. Pattern Anal. Mach. Intell.,2867124
IEEE Trans. Pattern Anal. Mach. Intell.,2867121
IEEE Trans. Pattern Anal. Mach. Intell.,2867185
IEEE Trans. Pattern Anal. Mach. Intell.,2867145
IEEE Trans. Pattern Anal. Mach. Intell.,2867103
IEEE Trans. Pattern Anal. Mach. Intell.,2867141
IEEE Trans. Pattern Anal. Mach. Intell.,2867149
IEEE Trans. Pattern Anal. Mach. Intell.,2867200
IEEE Trans. Pattern Anal. Mach. Intell.,2867131
IEEE Trans. Pattern Anal. Mach. Intell.,2867099
IEEE Trans. Pattern Anal. Mach. Intell.,2867113
IEEE Trans. Pattern Anal. Mach. Intell.,2867214
IEEE Trans. Pattern Anal. Mach. Intell.,2867085
IEEE Trans. Pattern Anal. Mach. Intell.,2867241
IEEE Trans. Pattern Anal. Mach. Intell.,2867237
IEEE Trans. Pattern Anal. Mach. Intell.,2867203
IEEE Trans. Pattern Anal. Mach. Intell.,2867109
IEEE Trans. Pattern Anal. Mach. Intell.,2867228
IEEE Trans. Pattern Anal. Mach. Intell.,2867153
IEEE Trans. Pattern Anal. Mach. Intell.,2867179
IEEE Trans. Pattern Anal. Mach. Intell.,2867175
IEEE Trans. Pattern Anal. Mach. Intell.,2867186
IEEE Trans. Pattern Anal. Mach. Intell.,2867138
IEEE Trans. Pattern Anal. Mach. Intell.,2867100
IEEE Trans. Pattern Anal. Mach. Intell.,2867086
IEEE Trans. Pattern Anal. Mach. Intell.,2867139
IEEE Trans. Pattern Anal. Mach. Intell.,2867238
IEEE Trans. Pattern Anal. Mach. Intell.,2867102
IEEE Trans. Pattern Anal. Mach. Intell.,2867123
IEEE Trans. Pattern Anal. Mach. Intell.,2867231
IEEE Trans. Pattern Anal. Mach. Intell.,2867130
IEEE Trans. Pattern Anal. Mach. Intell.,2867165
IEEE Trans. Pattern Anal. Mach. Intell.,2867128
IEEE Trans. Pattern Anal. Mach. Intell.,2867242
IEEE Trans. Pattern Anal. Mach. Intell.,2867178
IEEE Trans. Pattern Anal. Mach. Intell.,2867187
IEEE Trans. Pattern Anal. Mach. Intell.,2867110
IEEE Trans. Pattern Anal. Mach. Intell.,2867114
IEEE Trans. Pattern Anal. Mach. Intell.,2867174
IEEE Trans. Pattern Anal. Mach. Intell.,2867192
IEEE Trans. Pattern Anal. Mach. Intell.,2867193
IEEE Trans. Pattern Anal. Mach. Intell.,2867151
IEEE Trans. Pattern Anal. Mach. Intell.,2867101
IEEE Trans. Pattern Anal. Mach. Intell.,2867095
IEEE Trans. Pattern Anal. Mach. Intell.,2867152
IEEE Trans. Pattern Anal. Mach. Intell.,2867230
IEEE Trans. Pattern Anal. Mach. Intell.,2867202
IEEE Trans. Pattern Anal. Mach. Intell.,2867164
IEEE Trans. Pattern Anal. Mach. Intell.,2867239
IEEE Trans. Pattern Anal. Mach. Intell.,2867205
IEEE Trans. Pattern Anal. Mach. Intell.,2867215
IEEE Trans. Pattern Anal. Mach. Intell.,2867147
IEEE Trans. Pattern Anal. Mach. Intell.,2867083
IEEE Trans. Pattern Anal. Mach. Intell.,2867154
IEEE Trans. Pattern Anal. Mach. Intell.,2867129
IEEE Trans. Pattern Anal. Mach. Intell.,2867090
IEEE Trans. Pattern Anal. Mach. Intell.,2867198
IEEE Trans. Pattern Anal. Mach. Intell.,2867188
IEEE Trans. Pattern Anal. Mach. Intell.,2867209
IEEE Trans. Pattern Anal. Mach. Intell.,2867216
IEEE Trans. Pattern Anal. Mach. Intell.,2867233
IEEE Trans. Pattern Anal. Mach. Intell.,2867226
IEEE Trans. Pattern Anal. Mach. Intell.,2867181
IEEE Trans. Pattern Anal. Mach. Intell.,2867170
IEEE Trans. Pattern Anal. Mach. Intell.,2867084
IEEE Trans. Pattern Anal. Mach. Intell.,2867163
IEEE Trans. Pattern Anal. Mach. Intell.,2867125
IEEE Trans. Pattern Anal. Mach. Intell.,2867155
IEEE Trans. Pattern Anal. Mach. Intell.,2867079
IEEE Trans. Pattern Anal. Mach. Intell.,2867223
IEEE Trans. Pattern Anal. Mach. Intell.,2867107
IEEE Trans. Pattern Anal. Mach. Intell.,2867137
IEEE Trans. Pattern Anal. Mach. Intell.,2867204
IEEE Trans. Knowl. Data Eng.,2870114
IEEE Trans. Knowl. Data Eng.,2870128
IEEE Trans. Knowl. Data Eng.,2870115
IEEE Trans. Knowl. Data Eng.,2870129
IEEE Trans. Knowl. Data Eng.,2870105
IEEE Trans. Knowl. Data Eng.,2870131
IEEE Trans. Knowl. Data Eng.,2870112
IEEE Trans. Knowl. Data Eng.,2870099
IEEE Trans. Knowl. Data Eng.,2870130
IEEE Trans. Knowl. Data Eng.,2870106
IEEE Trans. Knowl. Data Eng.,2870104
IEEE Trans. Knowl. Data Eng.,2870096
IEEE Trans. Knowl. Data Eng.,2870100
IEEE Trans. Knowl. Data Eng.,2870111
IEEE Trans. Knowl. Data Eng.,2870122
IEEE Trans. Knowl. Data Eng.,2870113
IEEE Trans. Knowl. Data Eng.,2870107
IEEE Trans. Knowl. Data Eng.,2870136
IEEE Trans. Knowl. Data Eng.,2870132
IEEE Trans. Knowl. Data Eng.,2870125
IEEE Trans. Knowl. Data Eng.,2870118
IEEE Trans. Knowl. Data Eng.,2870119
IEEE Trans. Knowl. Data Eng.,2870110
IEEE Trans. Knowl. Data Eng.,2870098
IEEE Trans. Knowl. Data Eng.,2870123
IEEE Trans. Knowl. Data Eng.,2870092
IEEE Trans. Knowl. Data Eng.,2870137
IEEE Trans. Knowl. Data Eng.,2870133
IEEE Trans. Knowl. Data Eng.,2870093
IEEE Trans. Knowl. Data Eng.,2870124
IEEE Trans. Knowl. Data Eng.,2870116
IEEE Trans. Knowl. Data Eng.,2870102
IEEE Trans. Knowl. Data Eng.,2870095
IEEE Trans. Knowl. Data Eng.,2870120
IEEE Trans. Knowl. Data Eng.,2870134
IEEE Trans. Knowl. Data Eng.,2870127
IEEE Trans. Knowl. Data Eng.,2870103
IEEE Trans. Knowl. Data Eng.,2870109
IEEE Trans. Knowl. Data Eng.,2870094
IEEE Trans. Knowl. Data Eng.,2870101
IEEE Trans. Knowl. Data Eng.,2870121
IEEE Trans. Knowl. Data Eng.,2870117
IEEE Trans. Knowl. Data Eng.,2870126
IEEE Trans. Knowl. Data Eng.,2870108
IEEE Trans. Knowl. Data Eng.,2870135
IEEE Trans. Knowl. Data Eng.,2870097
IEEE Trans. Knowl. Data Eng.,2870151
IEEE Trans. Knowl. Data Eng.,2870155
IEEE Trans. Knowl. Data Eng.,2870168
IEEE Trans. Knowl. Data Eng.,2870170
IEEE Trans. Knowl. Data Eng.,2870165
IEEE Trans. Knowl. Data Eng.,2870173
IEEE Trans. Knowl. Data Eng.,2870141
IEEE Trans. Knowl. Data Eng.,2870188
IEEE Trans. Knowl. Data Eng.,2870167
IEEE Trans. Knowl. Data Eng.,2870142
IEEE Trans. Knowl. Data Eng.,2870152
IEEE Trans. Knowl. Data Eng.,2870176
IEEE Trans. Knowl. Data Eng.,2870189
IEEE Trans. Knowl. Data Eng.,2870148
IEEE Trans. Knowl. Data Eng.,2870178
IEEE Trans. Knowl. Data Eng.,2870149
IEEE Trans. Knowl. Data Eng.,2870153
IEEE Trans. Knowl. Data Eng.,2870143
IEEE Trans. Knowl. Data Eng.,2870140
IEEE Trans. Knowl. Data Eng.,2870166
IEEE Trans. Knowl. Data Eng.,2870179
IEEE Trans. Knowl. Data Eng.,2870194
IEEE Trans. Knowl. Data Eng.,2870187
IEEE Trans. Knowl. Data Eng.,2870182
IEEE Trans. Knowl. Data Eng.,2870197
IEEE Trans. Knowl. Data Eng.,2870161
IEEE Trans. Knowl. Data Eng.,2870158
IEEE Trans. Knowl. Data Eng.,2870147
IEEE Trans. Knowl. Data Eng.,2870159
IEEE Trans. Knowl. Data Eng.,2870160
IEEE Trans. Knowl. Data Eng.,2870200
IEEE Trans. Knowl. Data Eng.,2870172
IEEE Trans. Knowl. Data Eng.,2870186
IEEE Trans. Knowl. Data Eng.,2870195
IEEE Trans. Knowl. Data Eng.,2870196
IEEE Trans. Knowl. Data Eng.,2870177
IEEE Trans. Knowl. Data Eng.,2870146
IEEE Trans. Knowl. Data Eng.,2870199
IEEE Trans. Knowl. Data Eng.,2870156
IEEE Trans. Knowl. Data Eng.,2870145
IEEE Trans. Knowl. Data Eng.,2870180
IEEE Trans. Knowl. Data Eng.,2870169
IEEE Trans. Knowl. Data Eng.,2870138
IEEE Trans. Knowl. Data Eng.,2870163
IEEE Trans. Knowl. Data Eng.,2870192
IEEE Trans. Knowl. Data Eng.,2870185
IEEE Trans. Knowl. Data Eng.,2870157
IEEE Trans. Knowl. Data Eng.,2870198
IEEE Trans. Knowl. Data Eng.,2870183
IEEE Trans. Knowl. Data Eng.,2870174
IEEE Trans. Knowl. Data Eng.,2870139
IEEE Trans. Knowl. Data Eng.,2870175
IEEE Trans. Knowl. Data Eng.,2870184
IEEE Trans. Knowl. Data Eng.,2870144
IEEE Trans. Knowl. Data Eng.,2870162
IEEE Trans. Knowl. Data Eng.,2870190
IEEE Trans. Knowl. Data Eng.,2870193
IEEE Trans. Knowl. Data Eng.,2870181
IEEE Trans. Knowl. Data Eng.,2870191
IEEE Trans. Knowl. Data Eng.,2870150
IEEE Trans. Knowl. Data Eng.,2870171
IEEE Trans. Knowl. Data Eng.,2870154
IEEE Trans. Knowl. Data Eng.,2870164
IEEE Trans. Knowl. Data Eng.,2928284
IEEE Trans. Knowl. Data Eng.,2928277
IEEE Trans. Knowl. Data Eng.,2928279
IEEE Trans. Knowl. Data Eng.,2928280
IEEE Trans. Knowl. Data Eng.,2928286
IEEE Trans. Knowl. Data Eng.,2928281
IEEE Trans. Knowl. Data Eng.,2928275
IEEE Trans. Knowl. Data Eng.,2928282
IEEE Trans. Knowl. Data Eng.,2928276
IEEE Trans. Knowl. Data Eng.,2928278
IEEE Trans. Knowl. Data Eng.,2928283
IEEE Trans. Knowl. Data Eng.,2928285
IEEE Trans. Pattern Anal. Mach. Intell.,3077442
IEEE Trans. Pattern Anal. Mach. Intell.,3077450
IEEE Trans. Pattern Anal. Mach. Intell.,3077453
IEEE Trans. Pattern Anal. Mach. Intell.,3077443
IEEE Trans. Pattern Anal. Mach. Intell.,3077447
IEEE Trans. Pattern Anal. Mach. Intell.,3077441
IEEE Trans. Pattern Anal. Mach. Intell.,3077449
IEEE Trans. Pattern Anal. Mach. Intell.,3077440
IEEE Trans. Pattern Anal. Mach. Intell.,3077446
IEEE Trans. Pattern Anal. Mach. Intell.,3077439
IEEE Trans. Pattern Anal. Mach. Intell.,3077438
IEEE Trans. Pattern Anal. Mach. Intell.,3077456
IEEE Trans. Pattern Anal. Mach. Intell.,3077444
IEEE Trans. Pattern Anal. Mach. Intell.,3077445
